Name	Length	EffectiveLength	SRR848942	SRR848988	SRR848944	SRR848985	SRR848977	SRR848953	SRR848978	SRR848961	SRR848958	SRR848979	SRR848966	SRR848989	SRR848965	SRR848956	SRR848980	SRR848957	SRR848984	SRR848986	SRR848941	SRR848982	SRR848991	SRR848954	SRR848993	SRR848945	SRR848960	SRR848969	SRR848964	SRR848943	SRR848946	SRR848951	SRR848938	SRR848987	SRR848990	SRR848959	SRR848955	SRR848970	SRR848975	SRR848937	SRR848939	SRR848983	SRR848967	SRR848992	SRR848940	SRR848968	SRR848971	SRR848963	SRR848994	SRR848949	SRR848981	SRR848976	SRR848952	SRR848973	SRR848950	SRR848936	SRR848962	SRR848947	SRR848948	SRR848972	SRR848974
MGYG-HGUT-00241;GUT_GENOME001443_3;GUT_GENOME001443_00650;dsrA	1313	1072.612	0.0	16.012	4.0	1.0	0.0	0.0	0.0	0.0	0.0	6.0	22.385	0.0	0.0	11.902	0.0	0.0	0.0	0.0	0.0	0.0	3.0	0.0	2.0	0.0	0.0	0.0	0.0	8.0	10.0	24.999	0.0	13.0	0.0	4.0	0.0	0.0	0.0	16.0	0.0	0.0	0.0	0.0	6.0	0.0	0.0	2.0	5.0	0.0	0.0	0.0	0.0	4.0	0.0	0.0	0.0	0.0	4.0	0.0	0.0
MGYG-HGUT-00285;GUT_GENOME002167_78;GUT_GENOME002167_00976;dsrA	1208	967.612	0.0	0.0	0.0	0.0	0.0	0.0	0.0	0.0	0.0	15.438	4.999	0.0	0.0	4.0	0.0	0.0	0.0	0.0	0.0	0.0	0.0	0.0	0.0	0.0	0.0	0.0	0.0	0.0	0.0	0.995	0.0	0.0	0.0	0.0	0.0	0.0	0.0	0.0	0.0	0.0	0.0	0.0	0.0	0.0	0.0	2.0	0.0	0.0	0.0	0.0	0.0	1.999	0.0	0.0	0.0	0.0	0.0	0.0	0.0
MGYG-HGUT-00413;GUT_GENOME009437_182;GUT_GENOME009437_02446;dsrA	1208	967.612	0.0	0.5	0.0	0.0	0.5	0.0	0.0	0.0	0.0	9.32	0.0	0.0	0.0	0.0	0.0	0.0	0.0	0.0	0.0	0.0	0.0	0.0	0.0	0.0	0.0	0.0	0.0	0.0	0.0	1.498	0.0	0.0	0.0	0.0	0.0	0.0	0.0	0.0	0.0	0.0	0.0	0.0	0.0	0.0	0.0	0.0	0.0	0.0	0.0	0.0	0.0	0.0	0.0	0.0	0.0	0.0	0.0	0.0	0.0
MGYG-HGUT-00551;GUT_GENOME016337_21;GUT_GENOME016337_01114;dsrA	1319	1078.612	0.0	3.703	1.0	1.002	0.0	0.0	0.0	0.0	0.0	5.727	3.975	0.0	0.0	1.568	0.0	0.0	0.0	0.0	0.0	0.0	0.0	0.0	0.0	0.0	0.0	0.0	0.0	2.33	3.252	4.446	0.0	3.263	0.0	1.0	1.0	0.0	0.0	2.005	0.0	0.0	0.0	0.0	4.139	0.0	0.0	0.0	0.0	0.0	0.0	0.0	0.0	2.003	0.0	0.0	0.0	1.0	1.498	0.0	0.0
MGYG-HGUT-00577;GUT_GENOME017791_1;GUT_GENOME017791_00276;dsrA	1211	970.612	0.0	0.0	0.0	0.0	0.0	0.0	0.0	0.0	0.0	0.0	0.0	0.0	0.0	0.0	0.0	0.0	0.0	0.0	0.0	0.0	0.0	0.0	0.0	0.0	0.0	0.0	0.0	0.0	0.0	0.0	0.0	0.0	0.0	0.0	0.0	0.0	0.0	0.0	0.0	0.0	0.0	0.0	0.0	0.0	0.0	0.0	0.0	0.0	0.0	0.0	0.0	0.0	0.0	0.0	0.0	0.0	0.0	0.0	0.0
MGYG-HGUT-00603;GUT_GENOME018543_1;GUT_GENOME018543_00192;dsrA	1211	970.612	0.0	0.0	0.0	0.0	0.0	0.0	0.0	0.0	0.0	0.0	0.0	0.0	0.0	0.0	0.0	0.0	0.0	0.0	0.0	0.0	0.0	0.0	0.0	0.0	0.0	0.0	0.0	0.0	0.0	0.0	0.0	0.0	0.0	0.0	0.0	0.0	0.0	0.0	0.0	0.0	0.0	0.0	0.0	0.0	0.0	0.0	0.0	0.0	0.0	0.0	0.0	0.0	0.0	0.0	0.0	0.0	0.0	0.0	0.0
MGYG-HGUT-01023;GUT_GENOME066597_18;GUT_GENOME066597_00542;dsrA	1208	967.612	0.0	0.0	0.0	0.0	0.0	0.0	0.0	0.0	0.0	0.0	0.0	0.0	0.0	0.0	0.0	0.0	0.0	0.0	0.0	0.0	0.0	0.0	0.0	0.0	0.0	0.0	0.0	0.0	0.0	0.0	0.0	0.0	0.0	0.0	0.0	0.0	0.0	0.0	0.0	0.0	0.0	0.0	0.0	0.0	0.0	0.0	0.0	0.0	0.0	0.0	0.0	0.0	0.0	0.0	0.0	0.0	0.0	0.0	0.0
MGYG-HGUT-01067;GUT_GENOME076311_133;GUT_GENOME076311_00737;dsrA	1208	967.612	0.0	0.0	0.0	0.0	0.0	0.0	0.0	0.0	0.0	0.0	0.0	0.0	0.0	0.0	0.0	0.0	0.0	0.0	0.0	0.0	0.0	0.0	0.0	0.0	0.0	0.0	0.0	0.0	0.0	0.0	0.0	0.0	0.0	0.0	0.0	0.0	0.0	0.0	0.0	0.0	0.0	0.0	0.0	0.0	0.0	0.0	0.0	0.0	0.0	0.0	0.0	0.0	0.0	0.0	0.0	0.0	0.0	0.0	0.0
MGYG-HGUT-01102;GUT_GENOME081295_63;GUT_GENOME081295_00907;dsrA	1208	967.612	0.0	0.0	2.0	0.0	0.0	0.0	0.0	0.0	0.0	8.471	0.0	0.0	0.0	0.0	0.0	0.0	0.0	0.0	0.0	0.0	0.0	0.0	0.0	0.0	0.0	0.0	0.0	0.0	0.0	0.0	0.0	0.0	0.0	0.0	0.0	0.0	0.0	0.0	0.0	0.0	0.0	0.0	0.0	0.0	0.0	0.0	0.0	0.0	0.0	0.0	0.0	0.0	0.0	0.0	0.0	0.0	0.0	0.0	0.0
MGYG-HGUT-01171;GUT_GENOME089515_5;GUT_GENOME089515_00084;dsrA	1208	967.612	0.0	0.0	0.0	0.0	0.0	0.0	0.0	0.0	0.0	0.0	0.0	0.0	0.0	0.0	0.0	0.0	0.0	0.0	0.0	0.0	0.0	0.0	0.0	0.0	0.0	0.0	0.0	0.0	0.0	0.0	0.0	0.0	0.0	0.0	0.0	0.0	0.0	0.0	0.0	0.0	0.0	0.0	0.0	0.0	0.0	0.0	0.0	0.0	0.0	0.0	0.0	0.0	0.0	0.0	0.0	0.0	0.0	0.0	0.0
MGYG-HGUT-01181;GUT_GENOME090740_175;GUT_GENOME090740_00536;dsrA	1205	964.612	0.0	0.0	0.0	0.0	0.0	0.0	0.0	0.0	0.0	0.0	0.0	0.0	0.0	0.0	0.0	0.0	0.0	0.0	0.0	0.0	0.0	0.0	0.0	0.0	0.0	0.0	0.0	0.0	0.0	0.0	0.0	0.0	0.0	0.0	0.0	0.0	0.0	0.0	0.0	0.0	0.0	0.0	0.0	0.0	0.0	0.0	0.0	0.0	0.0	0.0	0.0	0.0	0.0	0.0	0.0	0.0	0.0	0.0	0.0
MGYG-HGUT-01207;GUT_GENOME092436_75;GUT_GENOME092436_00692;dsrA	1220	979.612	0.0	0.0	0.0	0.0	0.0	0.0	0.0	0.0	0.0	0.0	0.0	0.0	0.0	0.0	0.0	0.0	0.0	0.0	0.0	0.0	0.0	0.0	0.0	0.0	0.0	0.0	0.0	0.0	0.0	0.0	0.0	0.0	0.0	0.0	0.0	0.0	0.0	0.0	0.0	0.0	0.0	0.0	0.0	0.0	0.0	0.0	0.0	0.0	0.0	0.0	0.0	0.0	0.0	0.0	0.0	0.0	0.0	0.0	0.0
MGYG-HGUT-01277;GUT_GENOME095520_26;GUT_GENOME095520_01592;dsrA	1316	1075.612	0.0	0.0	1.963	2.485	0.0	0.0	0.0	0.0	0.0	0.0	1.002	0.0	0.0	0.0	0.0	0.0	0.0	0.0	0.0	0.0	1.0	0.0	0.0	0.0	0.0	1.001	0.0	0.0	4.585	6.55	0.0	2.96	0.0	2.0	0.0	0.0	0.0	3.144	0.0	0.0	0.0	0.0	4.0	0.0	0.0	0.0	0.0	0.0	0.0	0.0	0.0	0.0	0.0	0.0	0.0	0.0	2.0	0.0	0.0
MGYG-HGUT-01295;GUT_GENOME095942_3;GUT_GENOME095942_01408;dsrA	1313	1072.612	0.0	8.325	12.036	1.0	34.0	0.0	0.0	0.0	0.0	8.004	7.0	0.0	0.0	3.0	0.0	28.0	0.0	0.0	0.0	0.0	4.0	0.0	0.0	0.0	0.0	1.0	0.0	6.001	9.457	6.903	0.0	17.0	6.0	1.0	0.0	42.0	0.0	16.317	0.0	4.0	15.0	0.0	10.0	0.0	0.0	1.0	1.0	5.0	0.0	0.0	0.0	6.999	0.0	0.0	0.0	0.0	8.0	0.0	0.0
MGYG-HGUT-01359;GUT_GENOME096166_1;GUT_GENOME096166_01294;dsrA	1316	1075.612	10.0	3.011	7.0	2.005	0.0	28.887	0.0	17.0	25.65	2.005	27.578	0.0	24.0	5.008	10.0	0.0	16.0	0.0	23.0	7.0	3.0	0.0	1.0	16.0	0.0	0.0	62.0	24.03	39.716	20.564	47.916	10.796	0.0	4.0	5.0	47.0	0.0	85.533	53.0	0.0	0.0	12.0	6.025	67.0	48.0	3.0	4.0	40.986	7.0	0.0	0.0	5.0	18.0	0.0	4.0	13.702	2.0	1.002	0.0
MGYG-HGUT-01388;GUT_GENOME096235_25;GUT_GENOME096235_01333;dsrA	1193	952.612	0.0	0.0	0.0	0.0	0.0	0.0	0.0	0.0	0.0	0.0	0.0	0.0	0.0	0.0	0.0	0.0	0.0	0.0	0.0	0.0	0.0	0.0	0.0	0.0	0.0	0.0	0.0	0.0	0.0	0.0	0.0	0.0	0.0	0.0	0.0	0.0	0.0	0.0	0.0	0.0	0.0	0.0	0.0	0.0	0.0	0.0	0.0	0.0	0.0	0.0	0.0	0.0	0.0	0.0	0.0	0.0	0.0	0.0	0.0
MGYG-HGUT-01631;GUT_GENOME099050_89;GUT_GENOME099050_01657;dsrA	1316	1075.612	0.0	0.0	0.0	0.0	0.0	0.0	0.0	0.0	0.0	0.0	0.998	0.0	0.0	0.0	0.0	0.0	0.0	0.0	0.0	0.0	0.0	0.0	0.0	0.0	0.0	0.0	0.0	0.0	0.0	0.0	0.0	0.0	0.0	0.0	0.0	0.0	0.0	0.0	0.0	0.0	0.0	0.0	0.0	0.0	0.0	0.0	0.0	0.0	0.0	0.0	0.0	0.0	0.0	0.0	0.0	0.0	0.0	0.0	0.0
MGYG-HGUT-01784;GUT_GENOME109114_34;GUT_GENOME109114_01298;dsrA	1313	1072.612	0.0	0.0	1.487	0.0	0.0	0.0	0.0	0.0	0.0	0.0	0.0	0.0	0.0	0.0	0.0	0.0	0.0	0.0	0.0	0.0	0.0	0.0	0.0	0.0	0.0	0.0	0.0	0.0	0.0	0.0	0.0	0.988	0.0	0.0	0.0	0.0	0.0	0.0	0.0	0.0	0.0	0.0	0.0	0.0	0.0	0.0	0.0	0.0	0.0	0.0	0.0	0.0	0.0	0.0	0.0	0.0	0.0	0.0	0.0
MGYG-HGUT-01832;GUT_GENOME111598_33;GUT_GENOME111598_00557;dsrA	1316	1075.612	0.0	0.0	1.036	0.0	0.0	4.113	0.0	0.0	0.0	0.0	0.0	0.0	0.0	0.0	0.0	0.0	0.0	0.0	0.0	0.0	0.0	0.0	0.0	0.0	0.0	0.0	0.0	0.0	0.0	0.0	0.0	0.0	0.0	0.0	0.0	0.0	0.0	0.0	1.0	0.0	0.0	0.0	0.0	0.0	0.0	0.0	0.0	0.0	0.0	0.0	0.0	0.0	0.0	0.0	0.0	0.0	0.0	0.0	0.0
MGYG-HGUT-01911;GUT_GENOME114810_6;GUT_GENOME114810_00324;dsrA	1310	1069.612	0.0	0.0	0.0	0.0	0.0	0.0	0.0	0.0	0.0	1.275	3.0	0.0	0.0	0.0	0.0	0.0	0.0	0.0	0.0	0.0	2.0	0.0	1.0	0.0	0.0	0.0	0.0	1.321	0.0	3.0	0.0	4.0	0.0	0.0	0.0	0.0	0.0	1.001	0.0	0.0	0.0	0.0	2.877	0.0	0.0	0.0	0.0	0.0	0.0	0.0	0.0	0.993	0.0	0.0	0.0	0.0	1.502	0.0	0.0
MGYG-HGUT-02134;GUT_GENOME130348_16;GUT_GENOME130348_01138;dsrA	1313	1072.612	0.0	1.005	1.479	1.507	0.0	0.0	0.0	0.0	0.0	0.0	0.0	0.0	0.0	0.0	0.0	0.0	0.0	0.0	0.0	0.0	0.0	0.0	1.0	0.0	0.0	0.996	0.0	0.0	0.0	1.138	0.0	0.0	0.0	0.0	0.0	0.0	0.0	0.0	0.0	0.0	0.0	0.0	0.959	0.0	0.0	0.0	0.0	0.0	0.0	0.0	0.0	0.0	0.0	0.0	0.0	0.0	0.0	0.0	0.0
MGYG-HGUT-02352;GUT_GENOME141441_1;GUT_GENOME141441_01869;dsrA	1190	949.612	0.0	0.0	0.0	0.0	0.0	0.0	0.0	0.0	0.0	0.0	0.0	0.0	0.0	0.0	0.0	0.0	0.0	0.0	0.0	0.0	0.0	0.0	0.0	0.0	0.0	0.0	0.0	0.0	0.0	0.0	0.0	0.0	0.0	0.0	0.0	0.0	0.0	0.0	0.0	0.0	0.0	0.0	0.0	0.0	0.0	0.0	0.0	0.0	0.0	0.0	0.0	0.0	0.0	0.0	0.0	0.0	0.0	0.0	0.0
MGYG-HGUT-02409;GUT_GENOME142593_1;GUT_GENOME142593_01701;dsrA	1190	949.612	0.0	0.0	0.0	0.0	0.0	0.0	0.0	0.0	0.0	0.0	0.0	0.0	0.0	0.0	0.0	0.0	0.0	0.0	0.0	0.0	0.0	0.0	0.0	0.0	0.0	0.0	0.0	0.0	0.0	0.0	0.0	0.0	0.0	0.0	0.0	0.0	0.0	0.0	0.0	0.0	0.0	0.0	0.0	0.0	0.0	0.0	0.0	0.0	0.0	0.0	0.0	0.0	0.0	0.0	0.0	0.0	0.0	0.0	0.0
MGYG-HGUT-02442;GUT_GENOME143140_8;GUT_GENOME143140_02146;dsrA	1190	949.612	0.0	0.0	0.0	0.0	0.0	0.0	0.0	0.0	0.0	0.0	0.0	0.0	0.0	0.0	0.0	0.0	0.0	0.0	0.0	0.0	0.0	0.0	0.0	0.0	0.0	0.0	0.0	0.0	0.0	0.0	0.0	0.0	0.0	0.0	0.0	0.0	0.0	0.0	0.0	0.0	0.0	0.0	0.0	0.0	0.0	0.0	0.0	0.0	0.0	0.0	0.0	0.0	0.0	0.0	0.0	0.0	0.0	0.0	0.0
MGYG-HGUT-02487;GUT_GENOME143632_6;GUT_GENOME143632_02135;dsrA	1190	949.612	0.0	0.0	0.0	0.0	0.0	0.0	0.0	0.0	0.0	0.0	0.0	0.0	0.0	0.0	0.0	0.0	0.0	0.0	0.0	0.0	0.0	0.0	0.0	0.0	0.0	0.0	0.0	0.0	0.0	0.0	0.0	0.0	0.0	0.0	0.0	0.0	0.0	0.0	1.0	0.0	0.0	0.0	0.0	0.0	0.0	0.0	0.0	0.0	0.0	0.0	0.0	0.0	0.0	0.0	0.0	0.0	0.0	0.0	0.0
MGYG-HGUT-02846;GUT_GENOME174809_1;GUT_GENOME174809_00054;dsrA	1313	1072.612	0.0	0.0	3.0	0.0	0.0	0.0	0.0	0.0	0.0	0.0	4.529	0.0	0.0	1.927	0.0	0.0	0.0	0.0	0.0	0.0	0.0	0.0	0.0	0.0	0.0	0.0	0.0	1.318	3.012	9.4	0.0	3.006	0.0	1.0	0.0	0.0	0.0	1.0	0.0	0.0	0.0	0.0	0.0	0.0	0.0	0.0	0.0	0.0	0.0	0.0	0.0	4.008	0.0	0.0	0.0	0.0	0.0	0.0	0.0
MGYG-HGUT-02955;GUT_GENOME186342_21;GUT_GENOME186342_00824;dsrA	1310	1069.612	0.0	0.0	0.0	0.0	0.0	0.0	0.0	0.0	0.0	0.0	0.0	0.0	0.0	0.0	0.0	0.0	0.0	0.0	0.0	0.0	0.0	0.0	0.0	0.0	0.0	0.0	0.0	0.0	0.0	0.0	0.0	0.0	0.0	0.0	0.0	0.0	0.0	0.0	0.0	0.0	0.0	0.0	0.0	0.0	0.0	0.0	0.0	0.0	0.0	0.0	0.0	0.0	0.0	0.0	0.0	0.0	0.0	0.0	0.0
MGYG-HGUT-02996;GUT_GENOME193080_3;GUT_GENOME193080_00359;dsrA	1310	1069.612	0.0	0.0	2.0	0.0	0.0	0.0	0.0	0.0	0.0	1.995	1.0	0.0	0.0	0.0	0.0	0.0	0.0	0.0	0.0	0.0	0.0	0.0	0.0	0.0	0.0	0.0	0.0	4.0	0.0	0.0	0.0	0.0	0.0	0.0	0.0	0.0	0.0	0.0	0.0	0.0	0.0	0.0	0.0	0.0	0.0	0.0	0.0	0.0	0.0	0.0	0.0	1.0	0.0	0.0	0.0	0.0	0.0	0.0	0.0
MGYG-HGUT-03185;GUT_GENOME212224_2;GUT_GENOME212224_00464;dsrA	1208	967.612	0.0	1.0	0.0	0.0	0.0	0.0	0.0	0.0	0.0	0.0	0.0	0.0	0.0	0.0	0.0	0.0	0.0	0.0	0.0	0.0	0.0	0.0	0.0	0.0	0.0	0.0	0.0	0.0	0.0	0.0	0.0	0.0	0.0	0.0	0.0	0.0	0.0	0.0	0.0	0.0	0.0	0.0	0.0	0.0	0.0	0.0	0.0	0.0	0.0	0.0	0.0	0.0	0.0	0.0	0.0	0.0	0.0	0.0	0.0
MGYG-HGUT-03588;GUT_GENOME237519_123;GUT_GENOME237519_00576;dsrA	1313	1072.612	0.0	13.944	0.0	0.0	0.0	0.0	0.0	0.0	0.0	1.995	1.071	0.0	0.0	1.593	0.0	0.0	0.0	0.0	0.0	0.0	2.0	0.0	1.0	0.0	0.0	1.002	0.0	0.0	0.977	0.0	0.0	0.988	0.0	0.0	0.0	0.0	0.0	0.0	0.0	0.0	0.0	0.0	1.0	0.0	0.0	0.0	0.0	0.0	0.0	0.0	0.0	3.996	0.0	0.0	0.0	0.0	3.0	0.0	0.0
MGYG-HGUT-04093;GUT_GENOME256138_25;GUT_GENOME256138_00977;dsrA	1208	967.612	0.0	0.5	0.0	0.0	0.5	0.0	0.0	0.0	0.0	13.772	2.001	0.0	0.0	3.0	0.0	0.0	0.0	0.0	0.0	0.0	0.0	0.0	0.0	0.0	0.0	0.0	1.0	0.0	2.0	1.507	0.0	0.0	0.0	0.0	0.0	0.0	0.0	0.0	0.0	0.0	0.0	0.0	0.0	0.0	0.0	0.0	1.0	0.0	0.0	0.0	0.0	1.001	0.0	0.0	0.0	0.0	0.0	0.0	0.0
MGYG-HGUT-04433;GUT_GENOME274466_10;GUT_GENOME274466_00207;dsrA	1316	1075.612	0.0	0.0	0.0	0.0	53.0	0.0	0.0	0.0	0.0	0.0	0.0	0.0	1.0	0.0	0.0	32.173	0.0	0.0	0.0	0.0	0.0	0.0	0.0	0.0	0.0	0.0	0.0	0.0	1.001	0.0	7.084	0.0	1.0	0.0	0.0	0.0	0.0	0.0	0.0	0.0	10.0	0.0	0.0	0.0	0.0	0.0	0.0	1.014	0.0	0.0	0.0	0.0	0.0	0.0	0.0	0.0	0.0	0.998	0.0
MGYG-HGUT-00241;GUT_GENOME001443_3;GUT_GENOME001443_00651;dsrB	1145	904.612	0.0	0.0	0.0	0.0	0.0	0.0	0.0	0.0	0.0	0.0	0.0	0.0	0.0	0.0	0.0	0.0	0.0	0.0	0.0	0.0	0.0	0.0	0.0	0.0	0.0	0.0	0.0	0.0	0.0	0.0	0.0	0.0	0.0	0.0	0.0	1.0	0.0	0.0	0.0	0.0	0.0	0.0	0.0	0.0	0.0	0.0	0.0	0.0	0.0	0.0	0.0	0.0	0.0	0.0	0.0	0.0	0.0	0.0	0.0
MGYG-HGUT-00285;GUT_GENOME002167_78;GUT_GENOME002167_00977;dsrB	1073	832.612	0.0	0.0	0.0	0.0	9.0	0.0	0.0	0.0	0.0	12.818	7.029	0.0	0.0	1.0	0.0	0.0	0.0	0.0	0.0	0.0	0.0	0.0	0.0	0.0	0.0	0.0	0.0	0.0	0.0	0.0	0.0	0.0	0.0	0.0	0.0	0.0	0.0	0.0	0.0	0.0	0.0	0.0	0.0	0.0	0.0	2.0	0.0	0.0	0.0	0.0	0.0	0.0	0.0	0.0	0.0	0.0	0.0	0.0	0.0
MGYG-HGUT-00551;GUT_GENOME016337_21;GUT_GENOME016337_01115;dsrB	1454	1213.612	0.0	0.0	0.0	0.0	0.0	0.0	0.0	0.0	0.0	0.0	0.0	0.0	0.0	0.0	0.0	0.0	0.0	0.0	0.0	0.0	0.0	0.0	0.0	0.0	0.0	0.0	0.0	0.0	0.0	0.0	0.0	0.0	0.0	0.0	0.0	0.0	0.0	0.0	0.0	0.0	0.0	0.0	0.0	0.0	0.0	0.0	0.0	0.0	0.0	0.0	0.0	0.0	0.0	0.0	0.0	0.0	0.0	0.0	0.0
MGYG-HGUT-00566;GUT_GENOME017531_231;GUT_GENOME017531_01029;dsrB	1454	1213.612	0.0	0.0	0.0	0.0	0.0	0.0	0.0	0.0	0.0	0.0	0.0	0.0	0.0	0.0	0.0	0.0	0.0	0.0	0.0	0.0	0.0	0.0	0.0	0.0	0.0	0.0	0.0	0.0	0.0	0.0	0.0	0.0	0.0	0.0	0.0	0.0	0.0	0.0	0.0	0.0	0.0	0.0	0.0	0.0	0.0	0.0	0.0	0.0	0.0	0.0	0.0	0.0	0.0	0.0	0.0	0.0	0.0	0.0	0.0
MGYG-HGUT-00577;GUT_GENOME017791_1;GUT_GENOME017791_00275;dsrB	1058	817.612	0.0	0.0	0.0	0.0	0.0	0.0	0.0	0.0	0.0	0.0	0.0	0.0	0.0	0.0	0.0	0.0	0.0	0.0	0.0	0.0	0.0	0.0	0.0	0.0	0.0	0.0	0.0	0.0	0.0	0.0	0.0	0.0	0.0	0.0	0.0	0.0	0.0	0.0	0.0	0.0	0.0	0.0	0.0	0.0	0.0	0.0	0.0	0.0	0.0	0.0	0.0	0.0	0.0	0.0	0.0	0.0	0.0	0.0	0.0
MGYG-HGUT-00603;GUT_GENOME018543_1;GUT_GENOME018543_00191;dsrB	1058	817.612	0.0	0.0	0.0	0.0	0.0	0.0	0.0	0.0	0.0	0.0	0.0	0.0	0.0	0.0	0.0	0.0	0.0	0.0	0.0	0.0	0.0	0.0	0.0	0.0	0.0	0.0	0.0	0.0	0.0	0.0	0.0	0.0	0.0	0.0	0.0	0.0	0.0	0.0	0.0	0.0	0.0	0.0	0.0	0.0	0.0	0.0	0.0	0.0	0.0	0.0	0.0	0.0	0.0	0.0	0.0	0.0	0.0	0.0	0.0
MGYG-HGUT-01023;GUT_GENOME066597_18;GUT_GENOME066597_00543;dsrB	1088	847.612	0.0	0.0	0.0	0.0	0.0	0.0	0.0	0.0	0.0	0.0	0.0	0.0	0.0	0.0	0.0	0.0	0.0	0.0	0.0	0.0	0.0	0.0	0.0	0.0	0.0	0.0	0.0	0.0	0.0	0.0	0.0	0.0	0.0	0.0	0.0	0.0	0.0	0.0	0.0	0.0	0.0	0.0	0.0	0.0	0.0	0.0	0.0	0.0	0.0	0.0	0.0	0.0	0.0	0.0	0.0	0.0	0.0	0.0	0.0
MGYG-HGUT-01067;GUT_GENOME076311_133;GUT_GENOME076311_00738;dsrB	1088	847.612	0.0	0.0	0.0	0.0	0.0	0.0	0.0	0.0	0.0	0.0	0.0	0.0	0.0	0.0	0.0	0.0	0.0	0.0	0.0	0.0	0.0	0.0	0.0	0.0	0.0	0.0	0.0	0.0	0.0	0.0	0.0	0.0	0.0	0.0	0.0	0.0	0.0	0.0	0.0	0.0	0.0	0.0	0.0	0.0	0.0	0.0	0.0	0.0	0.0	0.0	0.0	0.0	0.0	0.0	0.0	0.0	0.0	0.0	0.0
MGYG-HGUT-01102;GUT_GENOME081295_63;GUT_GENOME081295_00908;dsrB	1073	832.612	0.0	1.0	1.0	0.0	0.5	0.0	0.0	0.0	0.0	3.181	0.971	0.0	0.0	0.0	0.0	0.0	0.0	0.0	0.0	0.0	0.0	0.0	0.0	0.0	0.0	0.0	0.0	0.0	1.0	0.0	0.0	0.0	0.0	0.0	0.0	0.0	0.0	4.0	0.0	0.0	0.0	0.0	0.0	0.0	0.0	0.0	0.0	0.0	0.0	0.0	0.0	0.0	0.0	0.0	1.0	0.0	0.0	0.0	0.0
MGYG-HGUT-01171;GUT_GENOME089515_5;GUT_GENOME089515_00085;dsrB	1088	847.612	0.0	0.0	0.0	0.0	0.0	0.0	0.0	0.0	0.0	0.0	0.0	0.0	0.0	0.0	0.0	0.0	0.0	0.0	0.0	0.0	0.0	0.0	0.0	0.0	0.0	0.0	0.0	0.0	0.0	0.0	0.0	0.0	0.0	0.0	0.0	0.0	0.0	0.0	0.0	0.0	0.0	0.0	0.0	0.0	0.0	0.0	0.0	0.0	0.0	0.0	0.0	0.0	0.0	0.0	0.0	0.0	0.0	0.0	0.0
MGYG-HGUT-01207;GUT_GENOME092436_75;GUT_GENOME092436_00693;dsrB	1055	814.612	0.0	0.0	0.0	0.0	0.0	0.0	0.0	0.0	1.0	0.0	0.0	0.0	0.0	0.0	0.0	0.0	0.0	0.0	0.0	0.0	0.0	0.0	0.0	0.0	0.0	0.0	0.0	0.0	0.0	0.0	0.0	0.0	0.0	0.0	0.0	0.0	0.0	0.0	0.0	0.0	0.0	0.0	0.0	0.0	0.0	0.0	0.0	0.0	0.0	0.0	0.0	0.0	0.0	0.0	0.0	0.0	0.0	0.0	0.0
MGYG-HGUT-01277;GUT_GENOME095520_26;GUT_GENOME095520_01591;dsrB	1454	1213.612	0.0	0.0	0.0	0.0	0.0	0.0	0.0	0.0	0.0	0.0	0.0	0.0	0.0	0.0	0.0	0.0	0.0	0.0	0.0	0.0	0.0	0.0	0.0	0.0	0.0	0.0	0.0	0.0	0.0	0.0	0.0	0.0	0.0	0.0	0.0	0.0	0.0	0.0	0.0	0.0	0.0	0.0	0.0	0.0	0.0	0.0	0.0	0.0	0.0	0.0	0.0	0.0	0.0	0.0	0.0	0.0	3.0	0.0	0.0
MGYG-HGUT-01295;GUT_GENOME095942_3;GUT_GENOME095942_01407;dsrB	1145	904.612	0.0	0.0	0.0	0.0	14.0	0.0	0.0	0.0	0.0	0.0	0.0	0.0	0.0	0.0	0.0	23.0	0.0	0.0	0.0	0.0	0.0	0.0	0.0	0.0	0.0	0.0	0.0	0.0	0.0	0.0	0.0	0.0	9.0	0.0	0.0	37.0	0.0	0.0	0.0	5.0	12.0	0.0	0.0	0.0	0.0	0.0	0.0	5.0	0.0	0.0	0.0	0.0	0.0	0.0	0.0	0.0	0.0	0.0	0.0
MGYG-HGUT-01321;GUT_GENOME096004_39;GUT_GENOME096004_00534;dsrB	1145	904.612	0.0	0.0	11.0	0.0	0.0	0.0	0.0	0.0	0.0	0.0	0.0	0.0	0.0	2.0	0.0	0.0	0.0	0.0	0.0	0.0	0.0	0.0	0.0	0.0	0.0	0.0	0.0	0.0	0.0	3.0	0.0	0.0	0.0	1.0	0.0	0.0	0.0	0.0	0.0	0.0	0.0	0.0	0.0	0.0	0.0	0.0	0.0	0.0	0.0	0.0	0.0	0.0	0.0	0.0	0.0	0.0	0.0	0.0	0.0
MGYG-HGUT-01321;GUT_GENOME096004_39;GUT_GENOME096004_00539;dsrB	1145	904.612	0.0	79.679	42.784	16.964	0.0	0.0	0.0	0.0	0.0	31.059	49.0	0.0	0.0	33.0	0.0	0.0	0.0	0.0	0.0	0.0	21.0	0.0	24.059	0.0	0.0	10.0	0.0	68.0	40.0	76.0	0.0	95.0	0.0	23.92	0.0	0.0	0.0	120.0	0.0	0.0	0.0	0.0	39.919	0.0	0.0	16.874	13.957	0.0	0.0	0.0	0.0	28.901	0.0	0.0	4.0	0.0	64.563	5.0	0.0
MGYG-HGUT-01359;GUT_GENOME096166_1;GUT_GENOME096166_01295;dsrB	1451	1210.612	9.0	3.0	4.0	0.0	1.0	24.0	0.0	29.0	17.35	0.0	17.462	0.0	18.0	8.002	3.0	0.827	6.0	0.0	11.0	4.0	1.0	0.0	2.0	9.0	0.0	1.0	28.0	16.0	20.09	17.0	12.0	19.0	0.0	3.0	5.0	39.0	0.0	39.0	46.0	1.988	0.0	2.0	2.0	70.0	42.0	1.0	3.0	41.0	2.0	0.0	0.0	0.0	19.0	0.0	2.0	12.298	4.0	4.0	0.0
MGYG-HGUT-01388;GUT_GENOME096235_25;GUT_GENOME096235_01332;dsrB	1058	817.612	0.0	0.0	0.0	0.0	0.0	0.0	0.0	0.0	0.0	0.0	0.0	0.0	0.0	0.0	0.0	0.0	0.0	0.0	0.0	0.0	0.0	0.0	0.0	0.0	0.0	0.0	0.0	0.0	0.0	0.0	0.0	0.0	0.0	0.0	0.0	0.0	0.0	0.0	0.0	0.0	0.0	0.0	0.0	0.0	0.0	0.0	0.0	0.0	0.0	0.0	0.0	0.0	0.0	0.0	0.0	0.0	0.0	0.0	0.0
MGYG-HGUT-01590;GUT_GENOME097678_16;GUT_GENOME097678_00716;dsrB	1145	904.612	0.0	0.0	0.0	0.0	0.0	0.0	0.0	0.0	0.0	0.0	0.0	0.0	0.0	0.0	0.0	0.0	0.0	0.0	0.0	0.0	0.0	0.0	0.0	0.0	0.0	0.0	0.0	0.0	0.0	0.0	0.0	0.0	0.0	0.0	0.0	0.0	0.0	0.0	0.0	0.0	0.0	0.0	0.0	0.0	0.0	0.0	0.0	0.0	0.0	0.0	0.0	0.0	0.0	0.0	0.0	0.0	0.0	0.0	0.0
MGYG-HGUT-01631;GUT_GENOME099050_89;GUT_GENOME099050_01656;dsrB	1454	1213.612	0.0	0.0	0.0	0.0	0.0	0.0	0.0	0.0	0.0	0.0	0.0	0.0	0.0	0.0	0.0	0.0	0.0	0.0	0.0	0.0	0.0	0.0	0.0	0.0	0.0	0.0	0.0	0.0	0.0	0.0	0.0	0.0	0.0	0.0	0.0	0.0	0.0	0.0	0.0	0.0	0.0	0.0	0.0	0.0	0.0	0.0	0.0	0.0	0.0	0.0	0.0	0.0	0.0	0.0	0.0	0.0	0.0	0.0	0.0
MGYG-HGUT-01784;GUT_GENOME109114_34;GUT_GENOME109114_01297;dsrB	1448	1207.612	0.0	0.0	0.0	0.0	0.0	0.0	0.0	0.0	0.0	0.0	0.0	0.0	0.0	0.0	0.0	0.0	0.0	0.0	0.0	0.0	0.0	0.0	0.0	0.0	0.0	0.0	0.0	0.0	0.0	0.0	0.0	0.0	0.0	0.0	0.0	0.0	0.0	0.0	0.0	0.0	0.0	0.0	0.0	0.0	0.0	0.0	0.0	0.0	0.0	0.0	0.0	0.0	0.0	0.0	0.0	0.0	0.0	0.0	0.0
MGYG-HGUT-01832;GUT_GENOME111598_33;GUT_GENOME111598_00556;dsrB	1451	1210.612	0.0	0.0	0.0	0.0	0.0	0.0	0.0	0.0	0.0	0.0	0.0	0.0	0.0	0.0	0.0	0.0	0.0	0.0	0.0	0.0	0.0	0.0	0.0	0.0	0.0	0.0	0.0	0.0	0.0	0.0	0.0	0.0	0.0	0.0	0.0	0.0	0.0	0.0	0.0	0.0	0.0	0.0	0.0	0.0	0.0	0.0	0.0	0.0	0.0	0.0	0.0	0.0	0.0	0.0	0.0	0.0	0.0	0.0	0.0
MGYG-HGUT-01911;GUT_GENOME114810_6;GUT_GENOME114810_00323;dsrB	1145	904.612	0.0	0.0	0.0	0.0	0.0	0.0	0.0	0.0	0.0	0.0	0.0	0.0	0.0	0.0	0.0	0.0	0.0	0.0	0.0	0.0	0.0	0.0	0.0	0.0	0.0	0.0	0.0	0.0	0.0	0.0	0.0	0.0	0.0	0.0	0.0	0.0	0.0	0.0	0.0	0.0	0.0	0.0	0.0	0.0	0.0	0.0	0.0	0.0	0.0	0.0	0.0	0.0	0.0	0.0	0.0	0.0	0.0	0.0	0.0
MGYG-HGUT-02134;GUT_GENOME130348_16;GUT_GENOME130348_01139;dsrB	1448	1207.612	0.0	2.0	0.0	0.0	0.0	0.0	0.0	0.0	0.0	0.0	0.0	0.0	0.0	0.0	0.0	0.0	0.0	0.0	0.0	0.0	0.0	0.0	1.0	0.0	0.0	0.0	0.0	0.0	0.0	0.0	0.0	0.0	0.0	0.0	0.0	0.0	0.0	0.0	0.0	0.0	0.0	0.0	0.0	0.0	0.0	0.0	0.0	0.0	0.0	0.0	0.0	0.0	0.0	0.0	0.0	0.0	0.0	0.0	0.0
MGYG-HGUT-02352;GUT_GENOME141441_1;GUT_GENOME141441_01870;dsrB	1055	814.612	0.0	0.0	0.0	0.0	0.0	0.0	0.0	0.0	0.0	0.0	0.0	0.0	0.0	0.0	0.0	0.0	0.0	0.0	0.0	0.0	0.0	0.0	0.0	0.0	0.0	0.0	0.0	0.0	0.0	0.0	0.0	0.0	0.0	0.0	0.0	0.0	0.0	0.0	0.0	0.0	0.0	0.0	0.0	0.0	0.0	0.0	0.0	0.0	1.0	0.0	0.0	0.0	0.0	0.0	0.0	0.0	0.0	0.0	0.0
MGYG-HGUT-02409;GUT_GENOME142593_1;GUT_GENOME142593_01700;dsrB	1055	814.612	0.0	0.0	0.0	0.0	0.0	0.0	0.0	0.0	0.0	0.0	0.0	0.0	0.0	0.0	0.0	0.0	0.0	0.0	0.0	0.0	0.0	0.0	0.0	0.0	0.0	0.0	0.0	0.0	0.0	0.0	0.0	0.0	0.0	0.0	0.0	0.0	0.0	0.0	0.0	0.0	0.0	0.0	0.0	0.0	0.0	0.0	0.0	0.0	0.0	0.0	0.0	0.0	0.0	0.0	0.0	0.0	0.0	0.0	0.0
MGYG-HGUT-02442;GUT_GENOME143140_8;GUT_GENOME143140_02147;dsrB	1055	814.612	0.0	0.0	0.0	0.0	0.0	0.0	0.0	0.0	0.0	0.0	0.0	0.0	0.0	0.0	0.0	0.0	0.0	0.0	0.0	0.0	0.0	0.0	0.0	0.0	0.0	0.0	0.0	0.0	0.0	0.0	0.0	0.0	0.0	0.0	0.0	0.0	0.0	0.0	0.0	0.0	0.0	0.0	0.0	0.0	0.0	0.0	0.0	0.0	0.0	0.0	0.0	0.0	0.0	0.0	0.0	0.0	0.0	0.0	0.0
MGYG-HGUT-02487;GUT_GENOME143632_6;GUT_GENOME143632_02134;dsrB	1055	814.612	0.0	0.0	0.0	0.0	0.0	0.0	0.0	0.0	0.0	0.0	0.0	0.0	0.0	0.0	0.0	0.0	0.0	0.0	0.0	0.0	0.0	0.0	0.0	0.0	0.0	0.0	0.0	0.0	0.0	0.0	0.0	0.0	0.0	0.0	0.0	0.0	0.0	0.0	0.0	0.0	0.0	0.0	0.0	0.0	0.0	0.0	0.0	0.0	0.0	0.0	0.0	0.0	0.0	0.0	0.0	0.0	0.0	0.0	0.0
MGYG-HGUT-02620;GUT_GENOME155459_1;GUT_GENOME155459_00306;dsrB	1145	904.612	0.0	0.0	0.0	0.0	0.0	0.0	0.0	0.0	0.0	0.0	0.0	0.0	0.0	0.0	0.0	0.0	0.0	0.0	0.0	0.0	0.0	0.0	0.0	0.0	0.0	0.0	0.0	0.0	0.0	0.0	0.0	0.0	0.0	0.0	0.0	0.0	0.0	0.0	0.0	0.0	0.0	0.0	0.0	0.0	0.0	0.0	0.0	0.0	0.0	0.0	0.0	0.0	0.0	0.0	0.0	0.0	0.0	0.0	0.0
MGYG-HGUT-02620;GUT_GENOME155459_9;GUT_GENOME155459_01938;dsrB	1145	904.612	0.0	0.0	0.0	0.0	0.0	0.0	0.0	0.0	0.0	0.0	0.0	0.0	0.0	0.0	0.0	0.0	0.0	0.0	0.0	0.0	0.0	0.0	0.0	0.0	0.0	0.0	0.0	0.0	0.0	0.0	0.0	0.0	0.0	0.0	0.0	0.0	0.0	0.0	0.0	0.0	0.0	0.0	0.0	0.0	0.0	0.0	0.0	0.0	0.0	0.0	0.0	0.0	0.0	0.0	0.0	0.0	0.0	0.0	0.0
MGYG-HGUT-02687;GUT_GENOME158398_77;GUT_GENOME158398_01655;dsrB	1145	904.612	0.0	4.321	8.216	1.036	0.0	0.0	0.0	0.0	0.0	2.941	0.0	0.0	0.0	0.0	0.0	0.0	0.0	0.0	0.0	0.0	0.0	0.0	0.941	0.0	0.0	0.0	0.0	0.0	0.0	0.0	0.0	0.0	0.0	1.08	0.0	0.0	0.0	0.0	0.0	0.0	0.0	0.0	1.081	0.0	0.0	1.126	1.043	0.0	0.0	0.0	0.0	4.099	0.0	0.0	0.0	0.0	5.437	0.0	0.0
MGYG-HGUT-02846;GUT_GENOME174809_1;GUT_GENOME174809_00053;dsrB	1145	904.612	0.0	0.0	0.0	0.0	0.0	0.0	0.0	0.0	0.0	0.0	0.0	0.0	0.0	0.0	0.0	0.0	0.0	0.0	0.0	0.0	0.0	0.0	0.0	0.0	0.0	0.0	0.0	0.0	0.0	0.0	0.0	0.0	0.0	0.0	0.0	0.0	0.0	0.0	0.0	0.0	0.0	0.0	0.0	0.0	0.0	0.0	0.0	0.0	0.0	0.0	0.0	0.0	0.0	0.0	0.0	0.0	0.0	0.0	0.0
MGYG-HGUT-02955;GUT_GENOME186342_21;GUT_GENOME186342_00825;dsrB	1145	904.612	0.0	0.0	0.0	0.0	0.0	0.0	0.0	0.0	0.0	0.0	0.0	0.0	0.0	0.0	0.0	0.0	0.0	0.0	0.0	0.0	0.0	0.0	0.0	0.0	0.0	0.0	0.0	0.0	0.0	0.0	0.0	0.0	0.0	0.0	0.0	0.0	0.0	0.0	0.0	0.0	0.0	0.0	0.0	0.0	0.0	0.0	0.0	0.0	0.0	0.0	0.0	0.0	0.0	0.0	0.0	0.0	0.0	0.0	0.0
MGYG-HGUT-02996;GUT_GENOME193080_3;GUT_GENOME193080_00360;dsrB	1145	904.612	0.0	0.0	0.0	0.0	0.0	0.0	0.0	0.0	0.0	0.0	0.0	0.0	0.0	0.0	0.0	0.0	0.0	0.0	0.0	0.0	0.0	0.0	0.0	0.0	0.0	0.0	0.0	0.0	0.0	0.0	0.0	0.0	0.0	0.0	0.0	0.0	0.0	0.0	0.0	0.0	0.0	0.0	0.0	0.0	0.0	0.0	0.0	0.0	0.0	0.0	0.0	0.0	0.0	0.0	0.0	0.0	0.0	0.0	0.0
MGYG-HGUT-03185;GUT_GENOME212224_2;GUT_GENOME212224_00463;dsrB	1088	847.612	0.0	3.0	0.0	0.0	0.0	0.0	0.0	0.0	0.0	0.0	0.0	0.0	0.0	0.0	0.0	0.0	0.0	0.0	0.0	0.0	0.0	0.0	0.0	0.0	0.0	0.0	0.0	0.0	0.0	0.0	0.0	0.0	0.0	0.0	0.0	0.0	0.0	0.0	0.0	0.0	0.0	0.0	0.0	0.0	0.0	0.0	0.0	0.0	0.0	0.0	0.0	0.0	0.0	0.0	0.0	0.0	0.0	0.0	0.0
MGYG-HGUT-03588;GUT_GENOME237519_123;GUT_GENOME237519_00577;dsrB	1454	1213.612	0.0	0.0	0.0	0.0	0.0	0.0	0.0	0.0	0.0	0.0	0.0	0.0	0.0	0.0	0.0	0.0	0.0	0.0	0.0	0.0	0.0	0.0	0.0	0.0	0.0	0.0	0.0	0.0	0.0	0.0	0.0	0.0	0.0	0.0	0.0	0.0	0.0	0.0	0.0	0.0	0.0	0.0	0.0	0.0	0.0	0.0	0.0	0.0	0.0	0.0	0.0	0.0	0.0	0.0	0.0	0.0	0.0	0.0	0.0
MGYG-HGUT-03918;GUT_GENOME250040_340;GUT_GENOME250040_01503;dsrB	1454	1213.612	0.0	0.0	0.0	0.0	0.0	0.0	0.0	0.0	0.0	0.0	0.0	0.0	0.0	0.0	0.0	0.0	0.0	0.0	0.0	0.0	0.0	0.0	0.0	0.0	0.0	0.0	0.0	0.0	0.0	0.0	0.0	0.0	0.0	0.0	0.0	0.0	0.0	0.0	0.0	0.0	0.0	0.0	0.0	0.0	0.0	0.0	0.0	0.0	0.0	0.0	0.0	0.0	0.0	0.0	0.0	0.0	0.0	0.0	0.0
MGYG-HGUT-03924;GUT_GENOME250710_73;GUT_GENOME250710_00953;dsrB	1454	1213.612	0.0	0.0	0.0	0.0	0.0	0.0	0.0	0.0	0.0	0.0	0.0	0.0	0.0	0.0	0.0	0.0	0.0	0.0	0.0	0.0	0.0	0.0	0.0	0.0	0.0	0.0	0.0	0.0	0.0	0.0	0.0	0.0	0.0	0.0	0.0	0.0	0.0	0.0	0.0	0.0	0.0	0.0	0.0	0.0	0.0	0.0	0.0	0.0	0.0	0.0	0.0	0.0	0.0	0.0	0.0	0.0	0.0	0.0	0.0
MGYG-HGUT-03933;GUT_GENOME250990_13;GUT_GENOME250990_02722;dsrB	1145	904.612	0.0	0.0	0.0	0.0	0.0	0.0	0.0	0.0	0.0	0.0	0.0	0.0	0.0	0.0	0.0	0.0	0.0	0.0	0.0	0.0	0.0	0.0	0.0	0.0	0.0	0.0	0.0	0.0	0.0	0.0	0.0	0.0	0.0	0.0	0.0	0.0	0.0	0.0	0.0	0.0	0.0	0.0	0.0	0.0	0.0	0.0	0.0	0.0	0.0	0.0	0.0	0.0	0.0	0.0	0.0	0.0	0.0	0.0	0.0
MGYG-HGUT-03933;GUT_GENOME250990_3;GUT_GENOME250990_00979;dsrB	1145	904.612	0.0	0.0	0.0	0.0	0.0	0.0	0.0	0.0	0.0	0.0	0.0	0.0	0.0	0.0	0.0	0.0	0.0	0.0	0.0	0.0	0.0	0.0	0.0	0.0	0.0	0.0	0.0	0.0	0.0	0.0	0.0	0.0	0.0	0.0	0.0	0.0	0.0	0.0	0.0	0.0	0.0	0.0	0.0	0.0	0.0	0.0	0.0	0.0	0.0	0.0	0.0	0.0	0.0	0.0	0.0	0.0	0.0	0.0	0.0
MGYG-HGUT-04093;GUT_GENOME256138_25;GUT_GENOME256138_00978;dsrB	1073	832.612	0.0	0.0	0.0	0.0	0.5	0.0	0.0	0.0	0.0	0.0	0.0	0.0	0.0	0.0	0.0	0.0	0.0	0.0	0.0	0.0	0.0	0.0	0.0	0.0	0.0	0.0	0.0	0.0	0.0	1.0	0.0	0.0	0.0	0.0	0.0	0.0	0.0	1.0	0.0	0.0	0.0	0.0	0.0	0.0	0.0	0.0	0.0	0.0	0.0	0.0	0.0	0.0	0.0	0.0	0.0	0.0	0.0	0.0	0.0
MGYG-HGUT-04433;GUT_GENOME274466_10;GUT_GENOME274466_00206;dsrB	1451	1210.612	0.0	0.0	0.0	0.0	23.0	0.0	0.0	0.0	0.0	0.0	0.0	0.0	1.0	0.0	0.0	21.0	0.0	0.0	0.0	0.0	0.0	0.0	0.0	0.0	0.0	0.0	0.0	0.0	0.91	0.0	0.0	0.0	0.0	0.0	0.0	0.0	0.0	0.0	0.0	4.012	4.0	0.0	0.0	0.0	0.0	0.0	0.0	0.0	0.0	0.0	0.0	0.0	0.0	0.0	0.0	0.0	0.0	0.0	0.0
